sample,tech,runid,file
LAMDEL,illumina,354040_S1_L004,/g/data/xl04/bpadownload2025/LAMDEL/illumina/354040_S1_L004/fastx/354040_AusARG_UNSW_HJTCJDSX3_ATCGGCGAAG-TCCAAGAATT_S1_L004_R1_001.fastq.gz;/g/data/xl04/bpadownload2025/LAMDEL/illumina/354040_S1_L004/fastx/354040_AusARG_UNSW_HJTCJDSX3_ATCGGCGAAG-TCCAAGAATT_S1_L004_R2_001.fastq.gz
LAMDEL,illumina,354041_S2_L004,/g/data/xl04/bpadownload2025/LAMDEL/illumina/354041_S2_L004/fastx/354041_AusARG_UNSW_HJTCJDSX3_CCGTGACCGA-CCGAACGTTG_S2_L004_R1_001.fastq.gz;/g/data/xl04/bpadownload2025/LAMDEL/illumina/354041_S2_L004/fastx/354041_AusARG_UNSW_HJTCJDSX3_CCGTGACCGA-CCGAACGTTG_S2_L004_R2_001.fastq.gz
LAMDEL,illumina,354042_S3_L004,/g/data/xl04/bpadownload2025/LAMDEL/illumina/354042_S3_L004/fastx/354042_AusARG_UNSW_HJTCJDSX3_TATCCGAGGC-GGCCAATAAG_S3_L004_R1_001.fastq.gz;/g/data/xl04/bpadownload2025/LAMDEL/illumina/354042_S3_L004/fastx/354042_AusARG_UNSW_HJTCJDSX3_TATCCGAGGC-GGCCAATAAG_S3_L004_R2_001.fastq.gz
LAMDEL,hic,353995_S2_L001,/g/data/xl04/bpadownload2025/LAMDEL/hic/353995_S2_L001/fastx/353995_AusARG_BRF_HMGMJDRXY_S2_L001_R1_001.fastq.gz;/g/data/xl04/bpadownload2025/LAMDEL/hic/353995_S2_L001/fastx/353995_AusARG_BRF_HMGMJDRXY_S2_L001_R2_001.fastq.gz
LAMDEL,hic,353995_S2_L002,/g/data/xl04/bpadownload2025/LAMDEL/hic/353995_S2_L002/fastx/353995_AusARG_BRF_HMGMJDRXY_S2_L002_R1_001.fastq.gz;/g/data/xl04/bpadownload2025/LAMDEL/hic/353995_S2_L002/fastx/353995_AusARG_BRF_HMGMJDRXY_S2_L002_R2_001.fastq.gz
LAMDEL,ont,PAG55217,/g/data/xl04/bpadownload2025/LAMDEL/ont/PAG55217/fastx/LAMDEL.ONT.PAG55217_pass.fastq.gz
LAMDEL,pb,DA064169,/g/data/xl04/bpadownload2025/LAMDEL/pb/DA064169/fastx/LAMDEL.PB.DA064169.deepconsensus.trimmed.fastq.gz
LAMDEL,pb,DA095606,/g/data/xl04/bpadownload2025/LAMDEL/pb/DA095606/fastx/LAMDEL.PB.DA095606.deepconsensus.trimmed.fastq.gz
PSEENT,illumina,350849_S4_L004,/g/data/xl04/bpadownload2025/PSEENT/illumina/350849_S4_L004/fastx/350849_AusARG_UNSW_HJTCJDSX3_TCCGCCAATT-CTCCGTGCTG_S4_L004_R1_001.fastq.gz;/g/data/xl04/bpadownload2025/PSEENT/illumina/350849_S4_L004/fastx/350849_AusARG_UNSW_HJTCJDSX3_TCCGCCAATT-CTCCGTGCTG_S4_L004_R2_001.fastq.gz
PSEENT,illumina,350850_S5_L004,/g/data/xl04/bpadownload2025/PSEENT/illumina/350850_S5_L004/fastx/350850_AusARG_UNSW_HJTCJDSX3_AGGACAGGCC-CATTCCAGCT_S5_L004_R1_001.fastq.gz;/g/data/xl04/bpadownload2025/PSEENT/illumina/350850_S5_L004/fastx/350850_AusARG_UNSW_HJTCJDSX3_AGGACAGGCC-CATTCCAGCT_S5_L004_R2_001.fastq.gz
PSEENT,illumina,350851_S6_L004,/g/data/xl04/bpadownload2025/PSEENT/illumina/350851_S6_L004/fastx/350851_AusARG_UNSW_HJTCJDSX3_AGAGAACCTA-GGTTATGCTA_S6_L004_R1_001.fastq.gz;/g/data/xl04/bpadownload2025/PSEENT/illumina/350851_S6_L004/fastx/350851_AusARG_UNSW_HJTCJDSX3_AGAGAACCTA-GGTTATGCTA_S6_L004_R2_001.fastq.gz
PSEENT,hic,353996_S3_L001,/g/data/xl04/bpadownload2025/PSEENT/hic/353996_S3_L001/fastx/353996_AusARG_BRF_HMGMJDRXY_S3_L001_R1_001.fastq.gz;/g/data/xl04/bpadownload2025/PSEENT/hic/353996_S3_L001/fastx/353996_AusARG_BRF_HMGMJDRXY_S3_L001_R2_001.fastq.gz
PSEENT,hic,353996_S3_L002,/g/data/xl04/bpadownload2025/PSEENT/hic/353996_S3_L002/fastx/353996_AusARG_BRF_HMGMJDRXY_S3_L002_R1_001.fastq.gz;/g/data/xl04/bpadownload2025/PSEENT/hic/353996_S3_L002/fastx/353996_AusARG_BRF_HMGMJDRXY_S3_L002_R2_001.fastq.gz
PSEENT,pb,DA087259,/g/data/xl04/bpadownload2025/PSEENT/pb/DA087259/fastx/PSEENT.PB.DA087259.deepconsensus.trimmed.fastq.gz
PSEENT,pb,DA087270,/g/data/xl04/bpadownload2025/PSEENT/pb/DA087270/fastx/PSEENT.PB.DA087270.deepconsensus.trimmed.fastq.gz
PSEENT,pb,DA095606,/g/data/xl04/bpadownload2025/PSEENT/pb/DA095606/fastx/PSEENT.PB.DA095606.deepconsensus.trimmed.fastq.gz
SAIEQU,illumina,350852_S12_L004,/g/data/xl04/bpadownload2025/SAIEQU/illumina/350852_S12_L004/fastx/350852_AusARG_UNSW_HJTCJDSX3_GAATTACAAG-ACCGGCTCAG_S12_L004_R1_001.fastq.gz;/g/data/xl04/bpadownload2025/SAIEQU/illumina/350852_S12_L004/fastx/350852_AusARG_UNSW_HJTCJDSX3_GAATTACAAG-ACCGGCTCAG_S12_L004_R2_001.fastq.gz
SAIEQU,illumina,350853_S13_L004,/g/data/xl04/bpadownload2025/SAIEQU/illumina/350853_S13_L004/fastx/350853_AusARG_UNSW_HJTCJDSX3_TAGAATTGGA-GTTAATCTGA_S13_L004_R1_001.fastq.gz;/g/data/xl04/bpadownload2025/SAIEQU/illumina/350853_S13_L004/fastx/350853_AusARG_UNSW_HJTCJDSX3_TAGAATTGGA-GTTAATCTGA_S13_L004_R2_001.fastq.gz
SAIEQU,illumina,350854_S14_L004,/g/data/xl04/bpadownload2025/SAIEQU/illumina/350854_S14_L004/fastx/350854_AusARG_UNSW_HJTCJDSX3_AGGCAGCTCT-CGGCTAACGT_S14_L004_R1_001.fastq.gz;/g/data/xl04/bpadownload2025/SAIEQU/illumina/350854_S14_L004/fastx/350854_AusARG_UNSW_HJTCJDSX3_AGGCAGCTCT-CGGCTAACGT_S14_L004_R2_001.fastq.gz
SAIEQU,illumina,350855_S15_L004,/g/data/xl04/bpadownload2025/SAIEQU/illumina/350855_S15_L004/fastx/350855_AusARG_UNSW_HJTCJDSX3_GATATTGTGT-ACCACACGGT_S15_L004_R1_001.fastq.gz;/g/data/xl04/bpadownload2025/SAIEQU/illumina/350855_S15_L004/fastx/350855_AusARG_UNSW_HJTCJDSX3_GATATTGTGT-ACCACACGGT_S15_L004_R2_001.fastq.gz
SAIEQU,illumina,350856_S16_L004,/g/data/xl04/bpadownload2025/SAIEQU/illumina/350856_S16_L004/fastx/350856_AusARG_UNSW_HJTCJDSX3_CGTACAGGAA-TAGGTTCTCT_S16_L004_R1_001.fastq.gz;/g/data/xl04/bpadownload2025/SAIEQU/illumina/350856_S16_L004/fastx/350856_AusARG_UNSW_HJTCJDSX3_CGTACAGGAA-TAGGTTCTCT_S16_L004_R2_001.fastq.gz
SAIEQU,illumina,350857_S9_L004,/g/data/xl04/bpadownload2025/SAIEQU/illumina/350857_S9_L004/fastx/350857_AusARG_UNSW_HJTCJDSX3_CTGCGTTACC-TATGGCTCGA_S9_L004_R1_001.fastq.gz;/g/data/xl04/bpadownload2025/SAIEQU/illumina/350857_S9_L004/fastx/350857_AusARG_UNSW_HJTCJDSX3_CTGCGTTACC-TATGGCTCGA_S9_L004_R2_001.fastq.gz
SAIEQU,illumina,350858_S8_L004,/g/data/xl04/bpadownload2025/SAIEQU/illumina/350858_S8_L004/fastx/350858_AusARG_UNSW_HJTCJDSX3_AGGCCGTGGA-CTCGTGCGTT_S8_L004_R1_001.fastq.gz;/g/data/xl04/bpadownload2025/SAIEQU/illumina/350858_S8_L004/fastx/350858_AusARG_UNSW_HJTCJDSX3_AGGCCGTGGA-CTCGTGCGTT_S8_L004_R2_001.fastq.gz
SAIEQU,illumina,350859_S7_L004,/g/data/xl04/bpadownload2025/SAIEQU/illumina/350859_S7_L004/fastx/350859_AusARG_UNSW_HJTCJDSX3_CTAATAACCG-AACCGCATCG_S7_L004_R1_001.fastq.gz;/g/data/xl04/bpadownload2025/SAIEQU/illumina/350859_S7_L004/fastx/350859_AusARG_UNSW_HJTCJDSX3_CTAATAACCG-AACCGCATCG_S7_L004_R2_001.fastq.gz
SAIEQU,illumina,350860_S10_L004,/g/data/xl04/bpadownload2025/SAIEQU/illumina/350860_S10_L004/fastx/350860_AusARG_UNSW_HJTCJDSX3_AGGAGGTATC-CCAGTTGGCA_S10_L004_R1_001.fastq.gz;/g/data/xl04/bpadownload2025/SAIEQU/illumina/350860_S10_L004/fastx/350860_AusARG_UNSW_HJTCJDSX3_AGGAGGTATC-CCAGTTGGCA_S10_L004_R2_001.fastq.gz
SAIEQU,illumina,354037_S11_L004,/g/data/xl04/bpadownload2025/SAIEQU/illumina/354037_S11_L004/fastx/354037_AusARG_UNSW_HJTCJDSX3_GCTGACGTTG-TGTTCGCATT_S11_L004_R1_001.fastq.gz;/g/data/xl04/bpadownload2025/SAIEQU/illumina/354037_S11_L004/fastx/354037_AusARG_UNSW_HJTCJDSX3_GCTGACGTTG-TGTTCGCATT_S11_L004_R2_001.fastq.gz
SAIEQU,illumina,354038_S18_L004,/g/data/xl04/bpadownload2025/SAIEQU/illumina/354038_S18_L004/fastx/354038_AusARG_UNSW_HJTCJDSX3_ATTAACAAGG-TGTTGTTCGT_S18_L004_R1_001.fastq.gz;/g/data/xl04/bpadownload2025/SAIEQU/illumina/354038_S18_L004/fastx/354038_AusARG_UNSW_HJTCJDSX3_ATTAACAAGG-TGTTGTTCGT_S18_L004_R2_001.fastq.gz
SAIEQU,illumina,354039_S17_L004,/g/data/xl04/bpadownload2025/SAIEQU/illumina/354039_S17_L004/fastx/354039_AusARG_UNSW_HJTCJDSX3_TGATGGCTAC-CCAACAACAT_S17_L004_R1_001.fastq.gz;/g/data/xl04/bpadownload2025/SAIEQU/illumina/354039_S17_L004/fastx/354039_AusARG_UNSW_HJTCJDSX3_TGATGGCTAC-CCAACAACAT_S17_L004_R2_001.fastq.gz
SAIEQU,hic,353997_S4_L001,/g/data/xl04/bpadownload2025/SAIEQU/hic/353997_S4_L001/fastx/353997_AusARG_BRF_HMGMJDRXY_S4_L001_R1_001.fastq.gz;/g/data/xl04/bpadownload2025/SAIEQU/hic/353997_S4_L001/fastx/353997_AusARG_BRF_HMGMJDRXY_S4_L001_R2_001.fastq.gz
SAIEQU,hic,353997_S4_L002,/g/data/xl04/bpadownload2025/SAIEQU/hic/353997_S4_L002/fastx/353997_AusARG_BRF_HMGMJDRXY_S4_L002_R1_001.fastq.gz;/g/data/xl04/bpadownload2025/SAIEQU/hic/353997_S4_L002/fastx/353997_AusARG_BRF_HMGMJDRXY_S4_L002_R2_001.fastq.gz
SAIEQU,pb,DA080843,/g/data/xl04/bpadownload2025/SAIEQU/pb/DA080843/fastx/SAIEQU.PB.DA080843.deepconsensus.trimmed.fastq.gz
SAIEQU,pb,DA095606,/g/data/xl04/bpadownload2025/SAIEQU/pb/DA095606/fastx/SAIEQU.PB.DA095606.deepconsensus.trimmed.fastq.gz
TILRUE,illumina,350743_S1_L001,/g/data/xl04/bpadownload2025/TILRUE/illumina/350743_S1_L001/fastx/350743_AusARG_UNSW_HTYH7DRXX_TCAGAAGGCG-TATGATGGCC_S1_L001_R1_001.fastq.gz;/g/data/xl04/bpadownload2025/TILRUE/illumina/350743_S1_L001/fastx/350743_AusARG_UNSW_HTYH7DRXX_TCAGAAGGCG-TATGATGGCC_S1_L001_R2_001.fastq.gz
TILRUE,illumina,350743_S1_L002,/g/data/xl04/bpadownload2025/TILRUE/illumina/350743_S1_L002/fastx/350743_AusARG_UNSW_HTYH7DRXX_TCAGAAGGCG-TATGATGGCC_S1_L002_R1_001.fastq.gz;/g/data/xl04/bpadownload2025/TILRUE/illumina/350743_S1_L002/fastx/350743_AusARG_UNSW_HTYH7DRXX_TCAGAAGGCG-TATGATGGCC_S1_L002_R2_001.fastq.gz
TILRUE,illumina,350744_S4_L001,/g/data/xl04/bpadownload2025/TILRUE/illumina/350744_S4_L001/fastx/350744_AusARG_UNSW_HTYH7DRXX_GCGTTGGTAT-GGAAGTATGT_S4_L001_R1_001.fastq.gz;/g/data/xl04/bpadownload2025/TILRUE/illumina/350744_S4_L001/fastx/350744_AusARG_UNSW_HTYH7DRXX_GCGTTGGTAT-GGAAGTATGT_S4_L001_R2_001.fastq.gz
TILRUE,illumina,350744_S4_L002,/g/data/xl04/bpadownload2025/TILRUE/illumina/350744_S4_L002/fastx/350744_AusARG_UNSW_HTYH7DRXX_GCGTTGGTAT-GGAAGTATGT_S4_L002_R1_001.fastq.gz;/g/data/xl04/bpadownload2025/TILRUE/illumina/350744_S4_L002/fastx/350744_AusARG_UNSW_HTYH7DRXX_GCGTTGGTAT-GGAAGTATGT_S4_L002_R2_001.fastq.gz
TILRUE,illumina,350745_S5_L001,/g/data/xl04/bpadownload2025/TILRUE/illumina/350745_S5_L001/fastx/350745_AusARG_UNSW_HTYH7DRXX_ACATATCCAG-ATTGCACATA_S5_L001_R1_001.fastq.gz;/g/data/xl04/bpadownload2025/TILRUE/illumina/350745_S5_L001/fastx/350745_AusARG_UNSW_HTYH7DRXX_ACATATCCAG-ATTGCACATA_S5_L001_R2_001.fastq.gz
TILRUE,illumina,350745_S5_L002,/g/data/xl04/bpadownload2025/TILRUE/illumina/350745_S5_L002/fastx/350745_AusARG_UNSW_HTYH7DRXX_ACATATCCAG-ATTGCACATA_S5_L002_R1_001.fastq.gz;/g/data/xl04/bpadownload2025/TILRUE/illumina/350745_S5_L002/fastx/350745_AusARG_UNSW_HTYH7DRXX_ACATATCCAG-ATTGCACATA_S5_L002_R2_001.fastq.gz
TILRUE,illumina,350746_S3_L001,/g/data/xl04/bpadownload2025/TILRUE/illumina/350746_S3_L001/fastx/350746_AusARG_UNSW_HTYH7DRXX_TCATAGATTG-CACCTTAATC_S3_L001_R1_001.fastq.gz;/g/data/xl04/bpadownload2025/TILRUE/illumina/350746_S3_L001/fastx/350746_AusARG_UNSW_HTYH7DRXX_TCATAGATTG-CACCTTAATC_S3_L001_R2_001.fastq.gz
TILRUE,illumina,350746_S3_L002,/g/data/xl04/bpadownload2025/TILRUE/illumina/350746_S3_L002/fastx/350746_AusARG_UNSW_HTYH7DRXX_TCATAGATTG-CACCTTAATC_S3_L002_R1_001.fastq.gz;/g/data/xl04/bpadownload2025/TILRUE/illumina/350746_S3_L002/fastx/350746_AusARG_UNSW_HTYH7DRXX_TCATAGATTG-CACCTTAATC_S3_L002_R2_001.fastq.gz
TILRUE,illumina,350852_S12_L004,/g/data/xl04/bpadownload2025/TILRUE/illumina/350852_S12_L004/fastx/350852_AusARG_UNSW_HJTCJDSX3_GAATTACAAG-ACCGGCTCAG_S12_L004_R1_001.fastq.gz;/g/data/xl04/bpadownload2025/TILRUE/illumina/350852_S12_L004/fastx/350852_AusARG_UNSW_HJTCJDSX3_GAATTACAAG-ACCGGCTCAG_S12_L004_R2_001.fastq.gz
TILRUE,hic,350781_DD2M2_S6_L001,/g/data/xl04/bpadownload2025/TILRUE/hic/350781_DD2M2_S6_L001/fastx/350781_AusARG_BRF_DD2M2_CTTGTA_S6_L001_R1_001.fastq.gz;/g/data/xl04/bpadownload2025/TILRUE/hic/350781_DD2M2_S6_L001/fastx/350781_AusARG_BRF_DD2M2_CTTGTA_S6_L001_R2_001.fastq.gz
TILRUE,hic,350781_HCN7WDRXY_S6_L001,/g/data/xl04/bpadownload2025/TILRUE/hic/350781_HCN7WDRXY_S6_L001/fastx/350781_AusARG_BRF_HCN7WDRXY_S6_L001_R1_001.fastq.gz;/g/data/xl04/bpadownload2025/TILRUE/hic/350781_HCN7WDRXY_S6_L001/fastx/350781_AusARG_BRF_HCN7WDRXY_S6_L001_R2_001.fastq.gz
TILRUE,hic,350781_S6_L002,/g/data/xl04/bpadownload2025/TILRUE/hic/350781_S6_L002/fastx/350781_AusARG_BRF_HCN7WDRXY_S6_L002_R1_001.fastq.gz;/g/data/xl04/bpadownload2025/TILRUE/hic/350781_S6_L002/fastx/350781_AusARG_BRF_HCN7WDRXY_S6_L002_R2_001.fastq.gz
TILRUE,ont,PAF14945,/g/data/xl04/bpadownload2025/TILRUE/ont/PAF14945/fastx/TILRUE.ONT.PAF14945_pass.fastq.gz
TILRUE,ont,PAF17817,/g/data/xl04/bpadownload2025/TILRUE/ont/PAF17817/fastx/TILRUE.ONT.PAF17817_pass.fastq.gz
TILRUE,ont,PAG18329,/g/data/xl04/bpadownload2025/TILRUE/ont/PAG18329/fastx/TILRUE.ONT.PAG18329_pass.fastq.gz
TILRUE,pb,DA052894,/g/data/xl04/bpadownload2025/TILRUE/pb/DA052894/fastx/TILRUE.PB.DA052894.deepconsensus.trimmed.fastq.gz
