sample,tech,runid,fastq
LAMDEL,ILLUMINA,354040_S1_L004,/g/data/xl04/bpadownload2025/LAMDEL/ILLUMINA/354040_S1_L004/fastx/354040_AusARG_UNSW_HJTCJDSX3_ATCGGCGAAG-TCCAAGAATT_S1_L004_R1_001.fastq.gz;/g/data/xl04/bpadownload2025/LAMDEL/ILLUMINA/354040_S1_L004/fastx/354040_AusARG_UNSW_HJTCJDSX3_ATCGGCGAAG-TCCAAGAATT_S1_L004_R2_001.fastq.gz
LAMDEL,ILLUMINA,354041_S2_L004,/g/data/xl04/bpadownload2025/LAMDEL/ILLUMINA/354041_S2_L004/fastx/354041_AusARG_UNSW_HJTCJDSX3_CCGTGACCGA-CCGAACGTTG_S2_L004_R1_001.fastq.gz;/g/data/xl04/bpadownload2025/LAMDEL/ILLUMINA/354041_S2_L004/fastx/354041_AusARG_UNSW_HJTCJDSX3_CCGTGACCGA-CCGAACGTTG_S2_L004_R2_001.fastq.gz
LAMDEL,ILLUMINA,354042_S3_L004,/g/data/xl04/bpadownload2025/LAMDEL/ILLUMINA/354042_S3_L004/fastx/354042_AusARG_UNSW_HJTCJDSX3_TATCCGAGGC-GGCCAATAAG_S3_L004_R1_001.fastq.gz;/g/data/xl04/bpadownload2025/LAMDEL/ILLUMINA/354042_S3_L004/fastx/354042_AusARG_UNSW_HJTCJDSX3_TATCCGAGGC-GGCCAATAAG_S3_L004_R2_001.fastq.gz
LAMDEL,HIC,353995_S2_L001,/g/data/xl04/bpadownload2025/LAMDEL/HIC/353995_S2_L001/fastx/353995_AusARG_BRF_HMGMJDRXY_S2_L001_R1_001.fastq.gz;/g/data/xl04/bpadownload2025/LAMDEL/HIC/353995_S2_L001/fastx/353995_AusARG_BRF_HMGMJDRXY_S2_L001_R2_001.fastq.gz
LAMDEL,HIC,353995_S2_L002,/g/data/xl04/bpadownload2025/LAMDEL/HIC/353995_S2_L002/fastx/353995_AusARG_BRF_HMGMJDRXY_S2_L002_R1_001.fastq.gz;/g/data/xl04/bpadownload2025/LAMDEL/HIC/353995_S2_L002/fastx/353995_AusARG_BRF_HMGMJDRXY_S2_L002_R2_001.fastq.gz
LAMDEL,ONT,PAG55217,/g/data/xl04/bpadownload2025/LAMDEL/ONT/PAG55217/fastx/LAMDEL.ONT.PAG55217_pass.fastq.gz
LAMDEL,PB,DA064169,/g/data/xl04/bpadownload2025/LAMDEL/PB/DA064169/fastx/LAMDEL.PB.DA064169.deepconsensus.trimmed.fastq.gz
LAMDEL,PB,DA095606,/g/data/xl04/bpadownload2025/LAMDEL/PB/DA095606/fastx/LAMDEL.PB.DA095606.deepconsensus.trimmed.fastq.gz
PSEENT,ILLUMINA,350849_S4_L004,/g/data/xl04/bpadownload2025/PSEENT/ILLUMINA/350849_S4_L004/fastx/350849_AusARG_UNSW_HJTCJDSX3_TCCGCCAATT-CTCCGTGCTG_S4_L004_R1_001.fastq.gz;/g/data/xl04/bpadownload2025/PSEENT/ILLUMINA/350849_S4_L004/fastx/350849_AusARG_UNSW_HJTCJDSX3_TCCGCCAATT-CTCCGTGCTG_S4_L004_R2_001.fastq.gz
PSEENT,ILLUMINA,350850_S5_L004,/g/data/xl04/bpadownload2025/PSEENT/ILLUMINA/350850_S5_L004/fastx/350850_AusARG_UNSW_HJTCJDSX3_AGGACAGGCC-CATTCCAGCT_S5_L004_R1_001.fastq.gz;/g/data/xl04/bpadownload2025/PSEENT/ILLUMINA/350850_S5_L004/fastx/350850_AusARG_UNSW_HJTCJDSX3_AGGACAGGCC-CATTCCAGCT_S5_L004_R2_001.fastq.gz
PSEENT,ILLUMINA,350851_S6_L004,/g/data/xl04/bpadownload2025/PSEENT/ILLUMINA/350851_S6_L004/fastx/350851_AusARG_UNSW_HJTCJDSX3_AGAGAACCTA-GGTTATGCTA_S6_L004_R1_001.fastq.gz;/g/data/xl04/bpadownload2025/PSEENT/ILLUMINA/350851_S6_L004/fastx/350851_AusARG_UNSW_HJTCJDSX3_AGAGAACCTA-GGTTATGCTA_S6_L004_R2_001.fastq.gz
PSEENT,HIC,353996_S3_L001,/g/data/xl04/bpadownload2025/PSEENT/HIC/353996_S3_L001/fastx/353996_AusARG_BRF_HMGMJDRXY_S3_L001_R1_001.fastq.gz;/g/data/xl04/bpadownload2025/PSEENT/HIC/353996_S3_L001/fastx/353996_AusARG_BRF_HMGMJDRXY_S3_L001_R2_001.fastq.gz
PSEENT,HIC,353996_S3_L002,/g/data/xl04/bpadownload2025/PSEENT/HIC/353996_S3_L002/fastx/353996_AusARG_BRF_HMGMJDRXY_S3_L002_R1_001.fastq.gz;/g/data/xl04/bpadownload2025/PSEENT/HIC/353996_S3_L002/fastx/353996_AusARG_BRF_HMGMJDRXY_S3_L002_R2_001.fastq.gz
PSEENT,PB,DA087259,/g/data/xl04/bpadownload2025/PSEENT/PB/DA087259/fastx/PSEENT.PB.DA087259.deepconsensus.trimmed.fastq.gz
PSEENT,PB,DA087270,/g/data/xl04/bpadownload2025/PSEENT/PB/DA087270/fastx/PSEENT.PB.DA087270.deepconsensus.trimmed.fastq.gz
PSEENT,PB,DA095606,/g/data/xl04/bpadownload2025/PSEENT/PB/DA095606/fastx/PSEENT.PB.DA095606.deepconsensus.trimmed.fastq.gz
SAIEQU,ILLUMINA,350852_S12_L004,/g/data/xl04/bpadownload2025/SAIEQU/ILLUMINA/350852_S12_L004/fastx/350852_AusARG_UNSW_HJTCJDSX3_GAATTACAAG-ACCGGCTCAG_S12_L004_R1_001.fastq.gz;/g/data/xl04/bpadownload2025/SAIEQU/ILLUMINA/350852_S12_L004/fastx/350852_AusARG_UNSW_HJTCJDSX3_GAATTACAAG-ACCGGCTCAG_S12_L004_R2_001.fastq.gz
SAIEQU,ILLUMINA,350853_S13_L004,/g/data/xl04/bpadownload2025/SAIEQU/ILLUMINA/350853_S13_L004/fastx/350853_AusARG_UNSW_HJTCJDSX3_TAGAATTGGA-GTTAATCTGA_S13_L004_R1_001.fastq.gz;/g/data/xl04/bpadownload2025/SAIEQU/ILLUMINA/350853_S13_L004/fastx/350853_AusARG_UNSW_HJTCJDSX3_TAGAATTGGA-GTTAATCTGA_S13_L004_R2_001.fastq.gz
SAIEQU,ILLUMINA,350854_S14_L004,/g/data/xl04/bpadownload2025/SAIEQU/ILLUMINA/350854_S14_L004/fastx/350854_AusARG_UNSW_HJTCJDSX3_AGGCAGCTCT-CGGCTAACGT_S14_L004_R1_001.fastq.gz;/g/data/xl04/bpadownload2025/SAIEQU/ILLUMINA/350854_S14_L004/fastx/350854_AusARG_UNSW_HJTCJDSX3_AGGCAGCTCT-CGGCTAACGT_S14_L004_R2_001.fastq.gz
SAIEQU,ILLUMINA,350855_S15_L004,/g/data/xl04/bpadownload2025/SAIEQU/ILLUMINA/350855_S15_L004/fastx/350855_AusARG_UNSW_HJTCJDSX3_GATATTGTGT-ACCACACGGT_S15_L004_R1_001.fastq.gz;/g/data/xl04/bpadownload2025/SAIEQU/ILLUMINA/350855_S15_L004/fastx/350855_AusARG_UNSW_HJTCJDSX3_GATATTGTGT-ACCACACGGT_S15_L004_R2_001.fastq.gz
SAIEQU,ILLUMINA,350856_S16_L004,/g/data/xl04/bpadownload2025/SAIEQU/ILLUMINA/350856_S16_L004/fastx/350856_AusARG_UNSW_HJTCJDSX3_CGTACAGGAA-TAGGTTCTCT_S16_L004_R1_001.fastq.gz;/g/data/xl04/bpadownload2025/SAIEQU/ILLUMINA/350856_S16_L004/fastx/350856_AusARG_UNSW_HJTCJDSX3_CGTACAGGAA-TAGGTTCTCT_S16_L004_R2_001.fastq.gz
SAIEQU,ILLUMINA,350857_S9_L004,/g/data/xl04/bpadownload2025/SAIEQU/ILLUMINA/350857_S9_L004/fastx/350857_AusARG_UNSW_HJTCJDSX3_CTGCGTTACC-TATGGCTCGA_S9_L004_R1_001.fastq.gz;/g/data/xl04/bpadownload2025/SAIEQU/ILLUMINA/350857_S9_L004/fastx/350857_AusARG_UNSW_HJTCJDSX3_CTGCGTTACC-TATGGCTCGA_S9_L004_R2_001.fastq.gz
SAIEQU,ILLUMINA,350858_S8_L004,/g/data/xl04/bpadownload2025/SAIEQU/ILLUMINA/350858_S8_L004/fastx/350858_AusARG_UNSW_HJTCJDSX3_AGGCCGTGGA-CTCGTGCGTT_S8_L004_R1_001.fastq.gz;/g/data/xl04/bpadownload2025/SAIEQU/ILLUMINA/350858_S8_L004/fastx/350858_AusARG_UNSW_HJTCJDSX3_AGGCCGTGGA-CTCGTGCGTT_S8_L004_R2_001.fastq.gz
SAIEQU,ILLUMINA,350859_S7_L004,/g/data/xl04/bpadownload2025/SAIEQU/ILLUMINA/350859_S7_L004/fastx/350859_AusARG_UNSW_HJTCJDSX3_CTAATAACCG-AACCGCATCG_S7_L004_R1_001.fastq.gz;/g/data/xl04/bpadownload2025/SAIEQU/ILLUMINA/350859_S7_L004/fastx/350859_AusARG_UNSW_HJTCJDSX3_CTAATAACCG-AACCGCATCG_S7_L004_R2_001.fastq.gz
SAIEQU,ILLUMINA,350860_S10_L004,/g/data/xl04/bpadownload2025/SAIEQU/ILLUMINA/350860_S10_L004/fastx/350860_AusARG_UNSW_HJTCJDSX3_AGGAGGTATC-CCAGTTGGCA_S10_L004_R1_001.fastq.gz;/g/data/xl04/bpadownload2025/SAIEQU/ILLUMINA/350860_S10_L004/fastx/350860_AusARG_UNSW_HJTCJDSX3_AGGAGGTATC-CCAGTTGGCA_S10_L004_R2_001.fastq.gz
SAIEQU,ILLUMINA,354037_S11_L004,/g/data/xl04/bpadownload2025/SAIEQU/ILLUMINA/354037_S11_L004/fastx/354037_AusARG_UNSW_HJTCJDSX3_GCTGACGTTG-TGTTCGCATT_S11_L004_R1_001.fastq.gz;/g/data/xl04/bpadownload2025/SAIEQU/ILLUMINA/354037_S11_L004/fastx/354037_AusARG_UNSW_HJTCJDSX3_GCTGACGTTG-TGTTCGCATT_S11_L004_R2_001.fastq.gz
SAIEQU,ILLUMINA,354038_S18_L004,/g/data/xl04/bpadownload2025/SAIEQU/ILLUMINA/354038_S18_L004/fastx/354038_AusARG_UNSW_HJTCJDSX3_ATTAACAAGG-TGTTGTTCGT_S18_L004_R1_001.fastq.gz;/g/data/xl04/bpadownload2025/SAIEQU/ILLUMINA/354038_S18_L004/fastx/354038_AusARG_UNSW_HJTCJDSX3_ATTAACAAGG-TGTTGTTCGT_S18_L004_R2_001.fastq.gz
SAIEQU,ILLUMINA,354039_S17_L004,/g/data/xl04/bpadownload2025/SAIEQU/ILLUMINA/354039_S17_L004/fastx/354039_AusARG_UNSW_HJTCJDSX3_TGATGGCTAC-CCAACAACAT_S17_L004_R1_001.fastq.gz;/g/data/xl04/bpadownload2025/SAIEQU/ILLUMINA/354039_S17_L004/fastx/354039_AusARG_UNSW_HJTCJDSX3_TGATGGCTAC-CCAACAACAT_S17_L004_R2_001.fastq.gz
SAIEQU,HIC,353997_S4_L001,/g/data/xl04/bpadownload2025/SAIEQU/HIC/353997_S4_L001/fastx/353997_AusARG_BRF_HMGMJDRXY_S4_L001_R1_001.fastq.gz;/g/data/xl04/bpadownload2025/SAIEQU/HIC/353997_S4_L001/fastx/353997_AusARG_BRF_HMGMJDRXY_S4_L001_R2_001.fastq.gz
SAIEQU,HIC,353997_S4_L002,/g/data/xl04/bpadownload2025/SAIEQU/HIC/353997_S4_L002/fastx/353997_AusARG_BRF_HMGMJDRXY_S4_L002_R1_001.fastq.gz;/g/data/xl04/bpadownload2025/SAIEQU/HIC/353997_S4_L002/fastx/353997_AusARG_BRF_HMGMJDRXY_S4_L002_R2_001.fastq.gz
SAIEQU,PB,DA080843,/g/data/xl04/bpadownload2025/SAIEQU/PB/DA080843/fastx/SAIEQU.PB.DA080843.deepconsensus.trimmed.fastq.gz
SAIEQU,PB,DA095606,/g/data/xl04/bpadownload2025/SAIEQU/PB/DA095606/fastx/SAIEQU.PB.DA095606.deepconsensus.trimmed.fastq.gz
TILRUE,ILLUMINA,350743_S1_L001,/g/data/xl04/bpadownload2025/TILRUE/ILLUMINA/350743_S1_L001/fastx/350743_AusARG_UNSW_HTYH7DRXX_TCAGAAGGCG-TATGATGGCC_S1_L001_R1_001.fastq.gz;/g/data/xl04/bpadownload2025/TILRUE/ILLUMINA/350743_S1_L001/fastx/350743_AusARG_UNSW_HTYH7DRXX_TCAGAAGGCG-TATGATGGCC_S1_L001_R2_001.fastq.gz
TILRUE,ILLUMINA,350743_S1_L002,/g/data/xl04/bpadownload2025/TILRUE/ILLUMINA/350743_S1_L002/fastx/350743_AusARG_UNSW_HTYH7DRXX_TCAGAAGGCG-TATGATGGCC_S1_L002_R1_001.fastq.gz;/g/data/xl04/bpadownload2025/TILRUE/ILLUMINA/350743_S1_L002/fastx/350743_AusARG_UNSW_HTYH7DRXX_TCAGAAGGCG-TATGATGGCC_S1_L002_R2_001.fastq.gz
TILRUE,ILLUMINA,350744_S4_L001,/g/data/xl04/bpadownload2025/TILRUE/ILLUMINA/350744_S4_L001/fastx/350744_AusARG_UNSW_HTYH7DRXX_GCGTTGGTAT-GGAAGTATGT_S4_L001_R1_001.fastq.gz;/g/data/xl04/bpadownload2025/TILRUE/ILLUMINA/350744_S4_L001/fastx/350744_AusARG_UNSW_HTYH7DRXX_GCGTTGGTAT-GGAAGTATGT_S4_L001_R2_001.fastq.gz
TILRUE,ILLUMINA,350744_S4_L002,/g/data/xl04/bpadownload2025/TILRUE/ILLUMINA/350744_S4_L002/fastx/350744_AusARG_UNSW_HTYH7DRXX_GCGTTGGTAT-GGAAGTATGT_S4_L002_R1_001.fastq.gz;/g/data/xl04/bpadownload2025/TILRUE/ILLUMINA/350744_S4_L002/fastx/350744_AusARG_UNSW_HTYH7DRXX_GCGTTGGTAT-GGAAGTATGT_S4_L002_R2_001.fastq.gz
TILRUE,ILLUMINA,350745_S5_L001,/g/data/xl04/bpadownload2025/TILRUE/ILLUMINA/350745_S5_L001/fastx/350745_AusARG_UNSW_HTYH7DRXX_ACATATCCAG-ATTGCACATA_S5_L001_R1_001.fastq.gz;/g/data/xl04/bpadownload2025/TILRUE/ILLUMINA/350745_S5_L001/fastx/350745_AusARG_UNSW_HTYH7DRXX_ACATATCCAG-ATTGCACATA_S5_L001_R2_001.fastq.gz
TILRUE,ILLUMINA,350745_S5_L002,/g/data/xl04/bpadownload2025/TILRUE/ILLUMINA/350745_S5_L002/fastx/350745_AusARG_UNSW_HTYH7DRXX_ACATATCCAG-ATTGCACATA_S5_L002_R1_001.fastq.gz;/g/data/xl04/bpadownload2025/TILRUE/ILLUMINA/350745_S5_L002/fastx/350745_AusARG_UNSW_HTYH7DRXX_ACATATCCAG-ATTGCACATA_S5_L002_R2_001.fastq.gz
TILRUE,ILLUMINA,350746_S3_L001,/g/data/xl04/bpadownload2025/TILRUE/ILLUMINA/350746_S3_L001/fastx/350746_AusARG_UNSW_HTYH7DRXX_TCATAGATTG-CACCTTAATC_S3_L001_R1_001.fastq.gz;/g/data/xl04/bpadownload2025/TILRUE/ILLUMINA/350746_S3_L001/fastx/350746_AusARG_UNSW_HTYH7DRXX_TCATAGATTG-CACCTTAATC_S3_L001_R2_001.fastq.gz
TILRUE,ILLUMINA,350746_S3_L002,/g/data/xl04/bpadownload2025/TILRUE/ILLUMINA/350746_S3_L002/fastx/350746_AusARG_UNSW_HTYH7DRXX_TCATAGATTG-CACCTTAATC_S3_L002_R1_001.fastq.gz;/g/data/xl04/bpadownload2025/TILRUE/ILLUMINA/350746_S3_L002/fastx/350746_AusARG_UNSW_HTYH7DRXX_TCATAGATTG-CACCTTAATC_S3_L002_R2_001.fastq.gz
TILRUE,ILLUMINA,350852_S12_L004,/g/data/xl04/bpadownload2025/TILRUE/ILLUMINA/350852_S12_L004/fastx/350852_AusARG_UNSW_HJTCJDSX3_GAATTACAAG-ACCGGCTCAG_S12_L004_R1_001.fastq.gz;/g/data/xl04/bpadownload2025/TILRUE/ILLUMINA/350852_S12_L004/fastx/350852_AusARG_UNSW_HJTCJDSX3_GAATTACAAG-ACCGGCTCAG_S12_L004_R2_001.fastq.gz
TILRUE,HIC,350781_DD2M2_S6_L001,/g/data/xl04/bpadownload2025/TILRUE/HIC/350781_DD2M2_S6_L001/fastx/350781_AusARG_BRF_DD2M2_CTTGTA_S6_L001_R1_001.fastq.gz;/g/data/xl04/bpadownload2025/TILRUE/HIC/350781_DD2M2_S6_L001/fastx/350781_AusARG_BRF_DD2M2_CTTGTA_S6_L001_R2_001.fastq.gz
TILRUE,HIC,350781_HCN7WDRXY_S6_L001,/g/data/xl04/bpadownload2025/TILRUE/HIC/350781_HCN7WDRXY_S6_L001/fastx/350781_AusARG_BRF_HCN7WDRXY_S6_L001_R1_001.fastq.gz;/g/data/xl04/bpadownload2025/TILRUE/HIC/350781_HCN7WDRXY_S6_L001/fastx/350781_AusARG_BRF_HCN7WDRXY_S6_L001_R2_001.fastq.gz
TILRUE,HIC,350781_S6_L002,/g/data/xl04/bpadownload2025/TILRUE/HIC/350781_S6_L002/fastx/350781_AusARG_BRF_HCN7WDRXY_S6_L002_R1_001.fastq.gz;/g/data/xl04/bpadownload2025/TILRUE/HIC/350781_S6_L002/fastx/350781_AusARG_BRF_HCN7WDRXY_S6_L002_R2_001.fastq.gz
TILRUE,ONT,PAF14945,/g/data/xl04/bpadownload2025/TILRUE/ONT/PAF14945/fastx/TILRUE.ONT.PAF14945_pass.fastq.gz
TILRUE,ONT,PAF17817,/g/data/xl04/bpadownload2025/TILRUE/ONT/PAF17817/fastx/TILRUE.ONT.PAF17817_pass.fastq.gz
TILRUE,ONT,PAG18329,/g/data/xl04/bpadownload2025/TILRUE/ONT/PAG18329/fastx/TILRUE.ONT.PAG18329_pass.fastq.gz
TILRUE,PB,DA052894,/g/data/xl04/bpadownload2025/TILRUE/PB/DA052894/fastx/TILRUE.PB.DA052894.deepconsensus.trimmed.fastq.gz
